{"epoch": 15, "val_acc": 0.9107730263157895, "best_val_acc": 0.9107730263157895, "_timestamp": 1697036494.8657851, "_runtime": 138.42155814170837, "_step": 14, "_wandb": {"runtime": 132}}