{"epoch": 15, "val_acc": 0.9181743421052632, "best_val_acc": 0.9181743421052632, "_timestamp": 1697039544.398619, "_runtime": 138.30212903022766, "_step": 14, "_wandb": {"runtime": 132}}