{"_runtime": 138.30212903022766, "_timestamp": 1697039544.398619, "best_val_acc": 0.9181743421052632, "_step": 14, "epoch": 15, "val_acc": 0.9181743421052632, "_wandb": {"runtime": 144}}