{"_step": 14, "epoch": 15, "val_acc": 0.9107730263157896, "_runtime": 138.42155814170837, "_timestamp": 1697036494.8657851, "best_val_acc": 0.9107730263157896}